<?xml version="1.0" encoding="UTF-8"?>
<GenRun Id="impl_1" LaunchPart="xc7a100tcsg324-1" LaunchTime="1674096013">
  <File Type="ROUTE-PWR" Name="controller_power_routed.rpt"/>
  <File Type="PA-TCL" Name="controller.tcl"/>
  <File Type="ROUTE-PWR-SUM" Name="controller_power_summary_routed.pb"/>
  <File Type="REPORTS-TCL" Name="controller_reports.tcl"/>
  <File Type="BITSTR-MSK" Name="controller.msk"/>
  <File Type="ROUTE-CLK" Name="controller_clock_utilization_routed.rpt"/>
  <File Type="RDI-RDI" Name="controller.vdi"/>
  <File Type="BG-BIT" Name="controller.bit"/>
  <File Type="BG-DRC" Name="controller.drc"/>
  <File Type="BG-BGN" Name="controller.bgn"/>
  <File Type="BG-BIN" Name="controller.bin"/>
  <File Type="BITSTR-RBT" Name="controller.rbt"/>
  <File Type="BITSTR-NKY" Name="controller.nky"/>
  <File Type="BITSTR-BMM" Name="controller_bd.bmm"/>
  <File Type="ROUTE-METHODOLOGY-DRC" Name="controller_methodology_drc_routed.rpt"/>
  <File Type="BITSTR-MMI" Name="controller.mmi"/>
  <File Type="ROUTE-METHODOLOGY-DRC-PB" Name="controller_methodology_drc_routed.pb"/>
  <File Type="BITSTR-SYSDEF" Name="controller.sysdef"/>
  <File Type="ROUTE-DRC-RPX" Name="controller_drc_routed.rpx"/>
  <File Type="BITSTR-LTX" Name="debug_nets.ltx"/>
  <File Type="BITSTR-LTX" Name="controller.ltx"/>
  <File Type="RCFI_FILE" Name="controller.rcfi"/>
  <File Type="WBT-USG" Name="usage_statistics_webtalk.html"/>
  <File Type="OPT-DRC" Name="controller_drc_opted.rpt"/>
  <File Type="OPT-HWDEF" Name="controller.hwdef"/>
  <File Type="PLACE-IO" Name="controller_io_placed.rpt"/>
  <File Type="PLACE-UTIL" Name="controller_utilization_placed.rpt"/>
  <File Type="PLACE-UTIL-PB" Name="controller_utilization_placed.pb"/>
  <File Type="PLACE-CTRL" Name="controller_control_sets_placed.rpt"/>
  <File Type="PLACE-PRE-SIMILARITY" Name="controller_incremental_reuse_pre_placed.rpt"/>
  <File Type="ROUTE-DRC" Name="controller_drc_routed.rpt"/>
  <File Type="ROUTE-DRC-PB" Name="controller_drc_routed.pb"/>
  <File Type="ROUTE-PWR-RPX" Name="controller_power_routed.rpx"/>
  <File Type="ROUTE-STATUS" Name="controller_route_status.rpt"/>
  <File Type="ROUTE-STATUS-PB" Name="controller_route_status.pb"/>
  <File Type="ROUTE-DCP" Name="controller_routed.dcp"/>
  <File Type="ROUTE-ERROR-DCP" Name="controller_routed_error.dcp"/>
  <File Type="ROUTE-BLACKBOX-DCP" Name="controller_routed_bb.dcp"/>
  <File Type="ROUTE-TIMINGSUMMARY" Name="controller_timing_summary_routed.rpt"/>
  <File Type="ROUTE-TIMING-PB" Name="controller_timing_summary_routed.pb"/>
  <File Type="ROUTE-TIMING-RPX" Name="controller_timing_summary_routed.rpx"/>
  <File Type="ROUTE-BUS-SKEW" Name="controller_bus_skew_routed.rpt"/>
  <File Type="ROUTE-BUS-SKEW-PB" Name="controller_bus_skew_routed.pb"/>
  <File Type="ROUTE-BUS-SKEW-RPX" Name="controller_bus_skew_routed.rpx"/>
  <File Type="OPT-DCP" Name="controller_opt.dcp"/>
  <File Type="PLACE-DCP" Name="controller_placed.dcp"/>
  <File Type="PWROPT-DCP" Name="controller_pwropt.dcp"/>
  <File Type="POSTPLACE-PWROPT-DCP" Name="controller_postplace_pwropt.dcp"/>
  <File Type="PHYSOPT-DCP" Name="controller_physopt.dcp"/>
  <File Type="POSTROUTE-PHYSOPT-DCP" Name="controller_postroute_physopt.dcp"/>
  <File Type="POSTROUTE-PHYSOPT-BLACKBOX-DCP" Name="controller_postroute_physopt_bb.dcp"/>
  <File Type="ROUTE-METHODOLOGY-DRC-RPX" Name="controller_methodology_drc_routed.rpx"/>
  <File Type="PDI-FILE" Name="controller.pdi"/>
  <File Type="CFI_FILE" Name="controller.cfi"/>
  <File Type="RNPI_FILE" Name="controller.rnpi"/>
  <File Type="NPI_FILE" Name="controller.npi"/>
  <File Type="RBD_FILE" Name="controller.rbd"/>
  <FileSet Name="sources" Type="DesignSrcs" RelSrcDir="$PSRCDIR/sources_1">
    <Filter Type="Srcs"/>
    <File Path="$PSRCDIR/sources_1/new/dff.v">
      <FileInfo>
        <Attr Name="UsedIn" Val="synthesis"/>
        <Attr Name="UsedIn" Val="implementation"/>
        <Attr Name="UsedIn" Val="simulation"/>
      </FileInfo>
    </File>
    <File Path="$PSRCDIR/sources_1/new/full_adder.v">
      <FileInfo>
        <Attr Name="UsedIn" Val="synthesis"/>
        <Attr Name="UsedIn" Val="implementation"/>
        <Attr Name="UsedIn" Val="simulation"/>
      </FileInfo>
    </File>
    <File Path="$PSRCDIR/sources_1/new/piso.v">
      <FileInfo>
        <Attr Name="UsedIn" Val="synthesis"/>
        <Attr Name="UsedIn" Val="implementation"/>
        <Attr Name="UsedIn" Val="simulation"/>
      </FileInfo>
    </File>
    <File Path="$PSRCDIR/sources_1/new/segment.v">
      <FileInfo>
        <Attr Name="UsedIn" Val="synthesis"/>
        <Attr Name="UsedIn" Val="implementation"/>
        <Attr Name="UsedIn" Val="simulation"/>
      </FileInfo>
    </File>
    <File Path="$PSRCDIR/sources_1/new/serial_adder.v">
      <FileInfo>
        <Attr Name="UsedIn" Val="synthesis"/>
        <Attr Name="UsedIn" Val="implementation"/>
        <Attr Name="UsedIn" Val="simulation"/>
      </FileInfo>
    </File>
    <File Path="$PSRCDIR/sources_1/new/siso.v">
      <FileInfo>
        <Attr Name="UsedIn" Val="synthesis"/>
        <Attr Name="UsedIn" Val="implementation"/>
        <Attr Name="UsedIn" Val="simulation"/>
      </FileInfo>
    </File>
    <File Path="$PSRCDIR/sources_1/new/controller.v">
      <FileInfo>
        <Attr Name="UsedIn" Val="synthesis"/>
        <Attr Name="UsedIn" Val="implementation"/>
        <Attr Name="UsedIn" Val="simulation"/>
      </FileInfo>
    </File>
    <Config>
      <Option Name="DesignMode" Val="RTL"/>
      <Option Name="TopModule" Val="controller"/>
      <Option Name="TopAutoSet" Val="TRUE"/>
    </Config>
  </FileSet>
  <FileSet Name="constrs_in" Type="Constrs" RelSrcDir="$PSRCDIR/constrs_1">
    <Filter Type="Constrs"/>
    <File Path="$PSRCDIR/constrs_1/new/ports.xdc">
      <FileInfo>
        <Attr Name="UsedIn" Val="synthesis"/>
        <Attr Name="UsedIn" Val="implementation"/>
      </FileInfo>
    </File>
    <Config>
      <Option Name="TargetConstrsFile" Val="$PSRCDIR/constrs_1/new/ports.xdc"/>
      <Option Name="ConstrsType" Val="XDC"/>
    </Config>
  </FileSet>
  <FileSet Name="utils" Type="Utils" RelSrcDir="$PSRCDIR/utils_1">
    <Filter Type="Utils"/>
    <Config>
      <Option Name="TopAutoSet" Val="TRUE"/>
    </Config>
  </FileSet>
  <Strategy Version="1" Minor="2">
    <StratHandle Name="Vivado Implementation Defaults" Flow="Vivado Implementation 2020"/>
    <Step Id="init_design"/>
    <Step Id="opt_design"/>
    <Step Id="power_opt_design"/>
    <Step Id="place_design"/>
    <Step Id="post_place_power_opt_design"/>
    <Step Id="phys_opt_design"/>
    <Step Id="route_design"/>
    <Step Id="post_route_phys_opt_design"/>
    <Step Id="write_bitstream"/>
    <Step Id="write_device_image"/>
  </Strategy>
</GenRun>
