<?xml version="1.0" encoding="UTF-8"?>
<GenRun Id="impl_1" LaunchPart="xc7a100tcsg324-1" LaunchTime="1681145722">
  <File Type="BITSTR-BMM" Name="machine_bd.bmm"/>
  <File Type="OPT-METHODOLOGY-DRC" Name="machine_methodology_drc_opted.rpt"/>
  <File Type="INIT-TIMING" Name="machine_timing_summary_init.rpt"/>
  <File Type="ROUTE-PWR" Name="machine_power_routed.rpt"/>
  <File Type="PA-TCL" Name="machine.tcl"/>
  <File Type="OPT-TIMING" Name="machine_timing_summary_opted.rpt"/>
  <File Type="OPT-DCP" Name="machine_opt.dcp"/>
  <File Type="ROUTE-PWR-SUM" Name="machine_power_summary_routed.pb"/>
  <File Type="REPORTS-TCL" Name="machine_reports.tcl"/>
  <File Type="OPT-DRC" Name="machine_drc_opted.rpt"/>
  <File Type="OPT-HWDEF" Name="machine.hwdef"/>
  <File Type="PWROPT-DCP" Name="machine_pwropt.dcp"/>
  <File Type="PWROPT-DRC" Name="machine_drc_pwropted.rpt"/>
  <File Type="PWROPT-TIMING" Name="machine_timing_summary_pwropted.rpt"/>
  <File Type="PLACE-DCP" Name="machine_placed.dcp"/>
  <File Type="PLACE-IO" Name="machine_io_placed.rpt"/>
  <File Type="PLACE-CLK" Name="machine_clock_utilization_placed.rpt"/>
  <File Type="PLACE-UTIL" Name="machine_utilization_placed.rpt"/>
  <File Type="PLACE-UTIL-PB" Name="machine_utilization_placed.pb"/>
  <File Type="PLACE-CTRL" Name="machine_control_sets_placed.rpt"/>
  <File Type="PLACE-SIMILARITY" Name="machine_incremental_reuse_placed.rpt"/>
  <File Type="PLACE-PRE-SIMILARITY" Name="machine_incremental_reuse_pre_placed.rpt"/>
  <File Type="PLACE-TIMING" Name="machine_timing_summary_placed.rpt"/>
  <File Type="POSTPLACE-PWROPT-DCP" Name="machine_postplace_pwropt.dcp"/>
  <File Type="BG-BIN" Name="machine.bin"/>
  <File Type="POSTPLACE-PWROPT-TIMING" Name="machine_timing_summary_postplace_pwropted.rpt"/>
  <File Type="PHYSOPT-DCP" Name="machine_physopt.dcp"/>
  <File Type="PHYSOPT-DRC" Name="machine_drc_physopted.rpt"/>
  <File Type="BITSTR-MSK" Name="machine.msk"/>
  <File Type="PHYSOPT-TIMING" Name="machine_timing_summary_physopted.rpt"/>
  <File Type="ROUTE-ERROR-DCP" Name="machine_routed_error.dcp"/>
  <File Type="ROUTE-DCP" Name="machine_routed.dcp"/>
  <File Type="ROUTE-BLACKBOX-DCP" Name="machine_routed_bb.dcp"/>
  <File Type="ROUTE-DRC" Name="machine_drc_routed.rpt"/>
  <File Type="ROUTE-DRC-PB" Name="machine_drc_routed.pb"/>
  <File Type="ROUTE-DRC-RPX" Name="machine_drc_routed.rpx"/>
  <File Type="BITSTR-MMI" Name="machine.mmi"/>
  <File Type="ROUTE-METHODOLOGY-DRC" Name="machine_methodology_drc_routed.rpt"/>
  <File Type="ROUTE-METHODOLOGY-DRC-RPX" Name="machine_methodology_drc_routed.rpx"/>
  <File Type="ROUTE-METHODOLOGY-DRC-PB" Name="machine_methodology_drc_routed.pb"/>
  <File Type="ROUTE-PWR-RPX" Name="machine_power_routed.rpx"/>
  <File Type="ROUTE-STATUS" Name="machine_route_status.rpt"/>
  <File Type="ROUTE-STATUS-PB" Name="machine_route_status.pb"/>
  <File Type="ROUTE-TIMINGSUMMARY" Name="machine_timing_summary_routed.rpt"/>
  <File Type="ROUTE-TIMING-PB" Name="machine_timing_summary_routed.pb"/>
  <File Type="ROUTE-TIMING-RPX" Name="machine_timing_summary_routed.rpx"/>
  <File Type="ROUTE-SIMILARITY" Name="machine_incremental_reuse_routed.rpt"/>
  <File Type="ROUTE-CLK" Name="machine_clock_utilization_routed.rpt"/>
  <File Type="ROUTE-BUS-SKEW" Name="machine_bus_skew_routed.rpt"/>
  <File Type="ROUTE-BUS-SKEW-PB" Name="machine_bus_skew_routed.pb"/>
  <File Type="ROUTE-BUS-SKEW-RPX" Name="machine_bus_skew_routed.rpx"/>
  <File Type="POSTROUTE-PHYSOPT-DCP" Name="machine_postroute_physopt.dcp"/>
  <File Type="POSTROUTE-PHYSOPT-BLACKBOX-DCP" Name="machine_postroute_physopt_bb.dcp"/>
  <File Type="POSTROUTE-PHYSOPT-TIMING" Name="machine_timing_summary_postroute_physopted.rpt"/>
  <File Type="POSTROUTE-PHYSOPT-TIMING-PB" Name="machine_timing_summary_postroute_physopted.pb"/>
  <File Type="POSTROUTE-PHYSOPT-TIMING-RPX" Name="machine_timing_summary_postroute_physopted.rpx"/>
  <File Type="POSTROUTE-PHYSOPT-BUS-SKEW" Name="machine_bus_skew_postroute_physopted.rpt"/>
  <File Type="POSTROUTE-PHYSOPT-BUS-SKEW-PB" Name="machine_bus_skew_postroute_physopted.pb"/>
  <File Type="BG-BIT" Name="machine.bit"/>
  <File Type="POSTROUTE-PHYSOPT-BUS-SKEW-RPX" Name="machine_bus_skew_postroute_physopted.rpx"/>
  <File Type="BITSTR-RBT" Name="machine.rbt"/>
  <File Type="BITSTR-NKY" Name="machine.nky"/>
  <File Type="PDI-FILE" Name="machine.pdi"/>
  <File Type="RCFI_FILE" Name="machine.rcfi"/>
  <File Type="CFI_FILE" Name="machine.cfi"/>
  <File Type="RNPI_FILE" Name="machine.rnpi"/>
  <File Type="NPI_FILE" Name="machine.npi"/>
  <File Type="RBD_FILE" Name="machine.rbd"/>
  <File Type="BITSTR-LTX" Name="debug_nets.ltx"/>
  <File Type="BITSTR-LTX" Name="machine.ltx"/>
  <File Type="BITSTR-SYSDEF" Name="machine.sysdef"/>
  <File Type="BG-BGN" Name="machine.bgn"/>
  <File Type="BG-DRC" Name="machine.drc"/>
  <File Type="RDI-RDI" Name="machine.vdi"/>
  <File Type="WBT-USG" Name="usage_statistics_webtalk.html"/>
  <FileSet Name="sources" Type="DesignSrcs" RelSrcDir="$PSRCDIR/sources_1">
    <Filter Type="Srcs"/>
    <File Path="$PSRCDIR/sources_1/new/machine.v">
      <FileInfo>
        <Attr Name="UsedIn" Val="synthesis"/>
        <Attr Name="UsedIn" Val="implementation"/>
        <Attr Name="UsedIn" Val="simulation"/>
      </FileInfo>
    </File>
    <Config>
      <Option Name="DesignMode" Val="RTL"/>
      <Option Name="TopModule" Val="machine"/>
      <Option Name="TopAutoSet" Val="TRUE"/>
    </Config>
  </FileSet>
  <FileSet Name="constrs_in" Type="Constrs" RelSrcDir="$PSRCDIR/constrs_1">
    <Filter Type="Constrs"/>
    <File Path="$PSRCDIR/constrs_1/new/ports.xdc">
      <FileInfo>
        <Attr Name="UsedIn" Val="synthesis"/>
        <Attr Name="UsedIn" Val="implementation"/>
      </FileInfo>
    </File>
    <Config>
      <Option Name="TargetConstrsFile" Val="$PSRCDIR/constrs_1/new/ports.xdc"/>
      <Option Name="ConstrsType" Val="XDC"/>
    </Config>
  </FileSet>
  <FileSet Name="utils" Type="Utils" RelSrcDir="$PSRCDIR/utils_1">
    <Filter Type="Utils"/>
    <Config>
      <Option Name="TopAutoSet" Val="TRUE"/>
    </Config>
  </FileSet>
  <Strategy Version="1" Minor="2">
    <StratHandle Name="Vivado Implementation Defaults" Flow="Vivado Implementation 2020"/>
    <Step Id="init_design"/>
    <Step Id="opt_design"/>
    <Step Id="power_opt_design"/>
    <Step Id="place_design"/>
    <Step Id="post_place_power_opt_design"/>
    <Step Id="phys_opt_design"/>
    <Step Id="route_design"/>
    <Step Id="post_route_phys_opt_design"/>
    <Step Id="write_bitstream"/>
  </Strategy>
</GenRun>
