<?xml version="1.0" encoding="UTF-8"?>
<GenRun Id="impl_1" LaunchPart="xc7a100tcsg324-1" LaunchTime="1681148748">
  <File Type="BITSTR-BMM" Name="algo_bd.bmm"/>
  <File Type="OPT-METHODOLOGY-DRC" Name="algo_methodology_drc_opted.rpt"/>
  <File Type="INIT-TIMING" Name="algo_timing_summary_init.rpt"/>
  <File Type="ROUTE-PWR" Name="algo_power_routed.rpt"/>
  <File Type="PA-TCL" Name="algo.tcl"/>
  <File Type="OPT-TIMING" Name="algo_timing_summary_opted.rpt"/>
  <File Type="OPT-DCP" Name="algo_opt.dcp"/>
  <File Type="ROUTE-PWR-SUM" Name="algo_power_summary_routed.pb"/>
  <File Type="REPORTS-TCL" Name="algo_reports.tcl"/>
  <File Type="OPT-DRC" Name="algo_drc_opted.rpt"/>
  <File Type="OPT-HWDEF" Name="algo.hwdef"/>
  <File Type="PWROPT-DCP" Name="algo_pwropt.dcp"/>
  <File Type="PWROPT-DRC" Name="algo_drc_pwropted.rpt"/>
  <File Type="PWROPT-TIMING" Name="algo_timing_summary_pwropted.rpt"/>
  <File Type="PLACE-DCP" Name="algo_placed.dcp"/>
  <File Type="PLACE-IO" Name="algo_io_placed.rpt"/>
  <File Type="PLACE-CLK" Name="algo_clock_utilization_placed.rpt"/>
  <File Type="PLACE-UTIL" Name="algo_utilization_placed.rpt"/>
  <File Type="PLACE-UTIL-PB" Name="algo_utilization_placed.pb"/>
  <File Type="PLACE-CTRL" Name="algo_control_sets_placed.rpt"/>
  <File Type="PLACE-SIMILARITY" Name="algo_incremental_reuse_placed.rpt"/>
  <File Type="PLACE-PRE-SIMILARITY" Name="algo_incremental_reuse_pre_placed.rpt"/>
  <File Type="PLACE-TIMING" Name="algo_timing_summary_placed.rpt"/>
  <File Type="POSTPLACE-PWROPT-DCP" Name="algo_postplace_pwropt.dcp"/>
  <File Type="BG-BIN" Name="algo.bin"/>
  <File Type="POSTPLACE-PWROPT-TIMING" Name="algo_timing_summary_postplace_pwropted.rpt"/>
  <File Type="PHYSOPT-DCP" Name="algo_physopt.dcp"/>
  <File Type="PHYSOPT-DRC" Name="algo_drc_physopted.rpt"/>
  <File Type="BITSTR-MSK" Name="algo.msk"/>
  <File Type="PHYSOPT-TIMING" Name="algo_timing_summary_physopted.rpt"/>
  <File Type="ROUTE-ERROR-DCP" Name="algo_routed_error.dcp"/>
  <File Type="ROUTE-DCP" Name="algo_routed.dcp"/>
  <File Type="ROUTE-BLACKBOX-DCP" Name="algo_routed_bb.dcp"/>
  <File Type="ROUTE-DRC" Name="algo_drc_routed.rpt"/>
  <File Type="ROUTE-DRC-PB" Name="algo_drc_routed.pb"/>
  <File Type="ROUTE-DRC-RPX" Name="algo_drc_routed.rpx"/>
  <File Type="BITSTR-MMI" Name="algo.mmi"/>
  <File Type="ROUTE-METHODOLOGY-DRC" Name="algo_methodology_drc_routed.rpt"/>
  <File Type="ROUTE-METHODOLOGY-DRC-RPX" Name="algo_methodology_drc_routed.rpx"/>
  <File Type="ROUTE-METHODOLOGY-DRC-PB" Name="algo_methodology_drc_routed.pb"/>
  <File Type="ROUTE-PWR-RPX" Name="algo_power_routed.rpx"/>
  <File Type="ROUTE-STATUS" Name="algo_route_status.rpt"/>
  <File Type="ROUTE-STATUS-PB" Name="algo_route_status.pb"/>
  <File Type="ROUTE-TIMINGSUMMARY" Name="algo_timing_summary_routed.rpt"/>
  <File Type="ROUTE-TIMING-PB" Name="algo_timing_summary_routed.pb"/>
  <File Type="ROUTE-TIMING-RPX" Name="algo_timing_summary_routed.rpx"/>
  <File Type="ROUTE-SIMILARITY" Name="algo_incremental_reuse_routed.rpt"/>
  <File Type="ROUTE-CLK" Name="algo_clock_utilization_routed.rpt"/>
  <File Type="ROUTE-BUS-SKEW" Name="algo_bus_skew_routed.rpt"/>
  <File Type="ROUTE-BUS-SKEW-PB" Name="algo_bus_skew_routed.pb"/>
  <File Type="ROUTE-BUS-SKEW-RPX" Name="algo_bus_skew_routed.rpx"/>
  <File Type="POSTROUTE-PHYSOPT-DCP" Name="algo_postroute_physopt.dcp"/>
  <File Type="POSTROUTE-PHYSOPT-BLACKBOX-DCP" Name="algo_postroute_physopt_bb.dcp"/>
  <File Type="POSTROUTE-PHYSOPT-TIMING" Name="algo_timing_summary_postroute_physopted.rpt"/>
  <File Type="POSTROUTE-PHYSOPT-TIMING-PB" Name="algo_timing_summary_postroute_physopted.pb"/>
  <File Type="POSTROUTE-PHYSOPT-TIMING-RPX" Name="algo_timing_summary_postroute_physopted.rpx"/>
  <File Type="POSTROUTE-PHYSOPT-BUS-SKEW" Name="algo_bus_skew_postroute_physopted.rpt"/>
  <File Type="POSTROUTE-PHYSOPT-BUS-SKEW-PB" Name="algo_bus_skew_postroute_physopted.pb"/>
  <File Type="BG-BIT" Name="algo.bit"/>
  <File Type="POSTROUTE-PHYSOPT-BUS-SKEW-RPX" Name="algo_bus_skew_postroute_physopted.rpx"/>
  <File Type="BITSTR-RBT" Name="algo.rbt"/>
  <File Type="BITSTR-NKY" Name="algo.nky"/>
  <File Type="PDI-FILE" Name="algo.pdi"/>
  <File Type="RCFI_FILE" Name="algo.rcfi"/>
  <File Type="CFI_FILE" Name="algo.cfi"/>
  <File Type="RNPI_FILE" Name="algo.rnpi"/>
  <File Type="NPI_FILE" Name="algo.npi"/>
  <File Type="RBD_FILE" Name="algo.rbd"/>
  <File Type="BITSTR-LTX" Name="debug_nets.ltx"/>
  <File Type="BITSTR-LTX" Name="algo.ltx"/>
  <File Type="BITSTR-SYSDEF" Name="algo.sysdef"/>
  <File Type="BG-BGN" Name="algo.bgn"/>
  <File Type="BG-DRC" Name="algo.drc"/>
  <File Type="RDI-RDI" Name="algo.vdi"/>
  <File Type="WBT-USG" Name="usage_statistics_webtalk.html"/>
  <FileSet Name="sources" Type="DesignSrcs" RelSrcDir="$PSRCDIR/sources_1">
    <Filter Type="Srcs"/>
    <File Path="$PSRCDIR/sources_1/new/algo.v">
      <FileInfo>
        <Attr Name="UsedIn" Val="synthesis"/>
        <Attr Name="UsedIn" Val="implementation"/>
        <Attr Name="UsedIn" Val="simulation"/>
      </FileInfo>
    </File>
    <Config>
      <Option Name="DesignMode" Val="RTL"/>
      <Option Name="TopModule" Val="algo"/>
      <Option Name="TopAutoSet" Val="TRUE"/>
    </Config>
  </FileSet>
  <FileSet Name="constrs_in" Type="Constrs" RelSrcDir="$PSRCDIR/constrs_1">
    <Filter Type="Constrs"/>
    <File Path="$PSRCDIR/constrs_1/new/ports.xdc">
      <FileInfo>
        <Attr Name="UsedIn" Val="synthesis"/>
        <Attr Name="UsedIn" Val="implementation"/>
      </FileInfo>
    </File>
    <Config>
      <Option Name="TargetConstrsFile" Val="$PSRCDIR/constrs_1/new/ports.xdc"/>
      <Option Name="ConstrsType" Val="XDC"/>
    </Config>
  </FileSet>
  <FileSet Name="utils" Type="Utils" RelSrcDir="$PSRCDIR/utils_1">
    <Filter Type="Utils"/>
    <Config>
      <Option Name="TopAutoSet" Val="TRUE"/>
    </Config>
  </FileSet>
  <Strategy Version="1" Minor="2">
    <StratHandle Name="Vivado Implementation Defaults" Flow="Vivado Implementation 2020"/>
    <Step Id="init_design"/>
    <Step Id="opt_design"/>
    <Step Id="power_opt_design"/>
    <Step Id="place_design"/>
    <Step Id="post_place_power_opt_design"/>
    <Step Id="phys_opt_design"/>
    <Step Id="route_design"/>
    <Step Id="post_route_phys_opt_design"/>
    <Step Id="write_bitstream"/>
  </Strategy>
</GenRun>
