<?xml version="1.0" encoding="UTF-8"?>
<GenRun Id="impl_1" LaunchPart="xc7a100tcsg324-1" LaunchTime="1679569437">
  <File Type="ROUTE-PWR" Name="main_power_routed.rpt"/>
  <File Type="PA-TCL" Name="main.tcl"/>
  <File Type="ROUTE-PWR-SUM" Name="main_power_summary_routed.pb"/>
  <File Type="REPORTS-TCL" Name="main_reports.tcl"/>
  <File Type="BITSTR-MSK" Name="main.msk"/>
  <File Type="ROUTE-CLK" Name="main_clock_utilization_routed.rpt"/>
  <File Type="RDI-RDI" Name="main.vdi"/>
  <File Type="BG-BIT" Name="main.bit"/>
  <File Type="BG-DRC" Name="main.drc"/>
  <File Type="BG-BGN" Name="main.bgn"/>
  <File Type="BG-BIN" Name="main.bin"/>
  <File Type="BITSTR-RBT" Name="main.rbt"/>
  <File Type="BITSTR-NKY" Name="main.nky"/>
  <File Type="BITSTR-BMM" Name="main_bd.bmm"/>
  <File Type="ROUTE-METHODOLOGY-DRC" Name="main_methodology_drc_routed.rpt"/>
  <File Type="BITSTR-MMI" Name="main.mmi"/>
  <File Type="BITSTR-SYSDEF" Name="main.sysdef"/>
  <File Type="BITSTR-LTX" Name="debug_nets.ltx"/>
  <File Type="BITSTR-LTX" Name="main.ltx"/>
  <File Type="WBT-USG" Name="usage_statistics_webtalk.html"/>
  <File Type="OPT-DRC" Name="main_drc_opted.rpt"/>
  <File Type="OPT-HWDEF" Name="main.hwdef"/>
  <File Type="PLACE-IO" Name="main_io_placed.rpt"/>
  <File Type="PLACE-UTIL" Name="main_utilization_placed.rpt"/>
  <File Type="PLACE-UTIL-PB" Name="main_utilization_placed.pb"/>
  <File Type="PLACE-CTRL" Name="main_control_sets_placed.rpt"/>
  <File Type="PLACE-PRE-SIMILARITY" Name="main_incremental_reuse_pre_placed.rpt"/>
  <File Type="ROUTE-DRC" Name="main_drc_routed.rpt"/>
  <File Type="ROUTE-DRC-PB" Name="main_drc_routed.pb"/>
  <File Type="ROUTE-PWR-RPX" Name="main_power_routed.rpx"/>
  <File Type="ROUTE-STATUS" Name="main_route_status.rpt"/>
  <File Type="ROUTE-STATUS-PB" Name="main_route_status.pb"/>
  <File Type="ROUTE-DCP" Name="main_routed.dcp"/>
  <File Type="ROUTE-ERROR-DCP" Name="main_routed_error.dcp"/>
  <File Type="ROUTE-BLACKBOX-DCP" Name="main_routed_bb.dcp"/>
  <File Type="ROUTE-TIMINGSUMMARY" Name="main_timing_summary_routed.rpt"/>
  <File Type="ROUTE-TIMING-PB" Name="main_timing_summary_routed.pb"/>
  <File Type="ROUTE-TIMING-RPX" Name="main_timing_summary_routed.rpx"/>
  <File Type="ROUTE-BUS-SKEW" Name="main_bus_skew_routed.rpt"/>
  <File Type="ROUTE-BUS-SKEW-PB" Name="main_bus_skew_routed.pb"/>
  <File Type="ROUTE-BUS-SKEW-RPX" Name="main_bus_skew_routed.rpx"/>
  <File Type="OPT-DCP" Name="main_opt.dcp"/>
  <File Type="PLACE-DCP" Name="main_placed.dcp"/>
  <File Type="PWROPT-DCP" Name="main_pwropt.dcp"/>
  <File Type="POSTPLACE-PWROPT-DCP" Name="main_postplace_pwropt.dcp"/>
  <File Type="PHYSOPT-DCP" Name="main_physopt.dcp"/>
  <File Type="POSTROUTE-PHYSOPT-DCP" Name="main_postroute_physopt.dcp"/>
  <File Type="POSTROUTE-PHYSOPT-BLACKBOX-DCP" Name="main_postroute_physopt_bb.dcp"/>
  <File Type="ROUTE-METHODOLOGY-DRC-PB" Name="main_methodology_drc_routed.pb"/>
  <File Type="ROUTE-DRC-RPX" Name="main_drc_routed.rpx"/>
  <File Type="ROUTE-METHODOLOGY-DRC-RPX" Name="main_methodology_drc_routed.rpx"/>
  <File Type="PDI-FILE" Name="main.pdi"/>
  <File Type="RCFI_FILE" Name="main.rcfi"/>
  <File Type="CFI_FILE" Name="main.cfi"/>
  <File Type="RNPI_FILE" Name="main.rnpi"/>
  <File Type="NPI_FILE" Name="main.npi"/>
  <File Type="RBD_FILE" Name="main.rbd"/>
  <FileSet Name="sources" Type="DesignSrcs" RelSrcDir="$PSRCDIR/sources_1">
    <Filter Type="Srcs"/>
    <File Path="$PSRCDIR/sources_1/new/main.v">
      <FileInfo>
        <Attr Name="UsedIn" Val="synthesis"/>
        <Attr Name="UsedIn" Val="implementation"/>
        <Attr Name="UsedIn" Val="simulation"/>
      </FileInfo>
    </File>
    <Config>
      <Option Name="DesignMode" Val="RTL"/>
      <Option Name="TopModule" Val="main"/>
      <Option Name="TopAutoSet" Val="TRUE"/>
    </Config>
  </FileSet>
  <FileSet Name="constrs_in" Type="Constrs" RelSrcDir="$PSRCDIR/constrs_1">
    <Filter Type="Constrs"/>
    <File Path="$PSRCDIR/constrs_1/new/ports.xdc">
      <FileInfo>
        <Attr Name="UsedIn" Val="synthesis"/>
        <Attr Name="UsedIn" Val="implementation"/>
      </FileInfo>
    </File>
    <Config>
      <Option Name="TargetConstrsFile" Val="$PSRCDIR/constrs_1/new/ports.xdc"/>
      <Option Name="ConstrsType" Val="XDC"/>
    </Config>
  </FileSet>
  <FileSet Name="utils" Type="Utils" RelSrcDir="$PSRCDIR/utils_1">
    <Filter Type="Utils"/>
    <Config>
      <Option Name="TopAutoSet" Val="TRUE"/>
    </Config>
  </FileSet>
  <Strategy Version="1" Minor="2">
    <StratHandle Name="Vivado Implementation Defaults" Flow="Vivado Implementation 2020"/>
    <Step Id="init_design"/>
    <Step Id="opt_design"/>
    <Step Id="power_opt_design"/>
    <Step Id="place_design"/>
    <Step Id="post_place_power_opt_design"/>
    <Step Id="phys_opt_design"/>
    <Step Id="route_design"/>
    <Step Id="post_route_phys_opt_design"/>
    <Step Id="write_bitstream"/>
    <Step Id="write_device_image"/>
  </Strategy>
</GenRun>
